variant_id,angle_tag,brand,audience_variant,hook,caption,script,verdict,rule,voice_score,reason,repaired,repair_attempts,repaired_from_rule,original_hook,original_caption
V001,newborn-default,naturemade,"Expecting mums (first-time, researching online)",Years of SG mums. One gentle choice. 🌿,"From day one, Huggies Platinum Naturemade has been the comfort mums reach for—again and again. Gentle on delicate skin, trusted by families across Singapore.",Soft close-up of newborn's cheek against NatureSoft liner | Mum's voice: 'We've been using Huggies Naturemade for years now—it's just what we trust' | Pack held gently in mum's hands as baby sleeps peacefully,PASS,,8.0,"on-voice (8/10): Warm, reassurance-first, mum-centric with nature-and-comfort pairing and the gentle-trust tone lands on-voice, though the hug motif is absent and the heritage/social-proof angle slightly underserves the first-time-researcher audience versus a comfort-benefit lead.",,,,,
V002,newborn-default,naturemade,"Mums-to-be (antenatal class attendees, expecting parents)",What do thousands of Singapore mums already know?,"The comfort of a hug, every single day. Huggies Platinum Naturemade—gentle softness that lets baby rest peacefully. 💕","Soft maternity-ward lighting, newborn's tiny hand wrapped in parent's finger | Text overlay: 'Highly recommend it' (real mum quote) | Baby in Huggies, peaceful and content in cot",PASS,,9.0,"on-voice (9/10): Warm reassurance-first tone with the hug motif, gentle nature-comfort language, British 'mums', emoji warmth, and antenatal audience fit all land squarely on-voice.",True,1,hospital-endorsement,What do thousands of Singapore families already know?,"The comfort of a hug, every single day. Huggies Platinum Naturemade—the gentle default that keeps babies sleeping soundly. 💕"
V003,newborn-default,naturemade,"Practical gift-givers (partners, grandparents building nursery)",Goodness of nature. Comfort of a hug. Day one. 🌿,Your newborn deserves gentle. Huggies Platinum Naturemade wraps them in the care mums across Singapore have loved for years.,"Split-screen: newborn's first day at home in soft cot on left | Right side: same mum now holding Huggies pack, smiling 'We've used it for years' | Both frames soft, warm, reassuring",PASS,,8.0,"on-voice (8/10): Strong voice fit with the hug motif, nature-comfort pairing, mum-centric warmth, and emoji-warm tone, though 'Your newborn deserves gentle' skirts faint guilt/pressure and reads slightly awkward.",True,1,hospital-endorsement,Goodness of nature. Comfort of a hug. Day one. 🌿,Your newborn deserves gentle. Huggies Platinum Naturemade wraps them in the care families across Singapore have chosen for years.
V004,newborn-default,naturemade,"Community-driven mums (active in parenting groups, value peer reviews)",The diaper every Singapore mum talks about. 💕,Not just our word—mums have been saying it for years: Huggies Platinum Naturemade is the gentle comfort that works. Let baby sleep and play in comfort!,"Montage of real newborn moments: skin contact, peaceful sleeping, diaper change | Voiceover (warm mum tone): 'We have been using Huggies Naturemade for years, highly recommend it' | Final frame: baby in Huggies, thriving",PASS,,8.0,"on-voice (8/10): Warm, mum-centric, British English, hug-emoji and the signature 'Let baby sleep and play in comfort!' line fit the voice well, though the nature/hug motifs are a bit light for a fuller-voice score.",,,,,
V005,newborn-default,naturemade,"Nature-conscious expecting mums (wellness-focused, ingredient-aware)",Your newborn's skin meets nature's gentleness. 🌿,"From the first day home, Huggies Platinum Naturemade is the hug your baby deserves. Trusted comfort, trusted choice.","Close-up: NatureSoft liner against baby's cheek, parent's finger gently touching | Mum voiceover: 'Soft, gentle, and it just works' | Wide shot: contented newborn in Huggies, family resting peacefully",PASS,,9.0,"on-voice (9/10): Warm reassurance-first tone with hug motif, nature language paired with comfort benefits, mum-centric voiceover, and 🌿 emoji all land squarely on-voice for the premium naturemade line.",,,,,
V006,newborn-default,naturemade,"Second-time mums (loyalty retention, confidence-building)",One diaper. Years of mums saying yes. 🤍,Huggies Platinum Naturemade: the gentle choice that's kept Singapore newborns comfortable since day one. Because comfort like a hug starts here.,"Intimate shot: mum changing newborn's nappy, soft smile | Baby's clean skin visible, visibly content | Transition to mum holding Huggies pack: 'Highly recommend it' text appears | Warm fade on sleeping baby",PASS,,8.0,"on-voice (8/10): Warm, reassurance-first tone with the hug motif, British 'nappy/mums', and confidence-building loyalty angle all land on-voice, though the hook's 'years of mums saying yes' is slightly generic and the gentle-nature language lacks its signature concrete comfort pairing.",,,,,
V007,overnight-up-to-12h,naturemade,"Sleep-deprived parents, first-time overnight worriers",3am panic? Not anymore. Finally sleeping through.,"Mums, Huggies Platinum Naturemade lasts up to 12 hours—that's uninterrupted sleep for you AND bub. 🌿💕 The Goodness of Nature, the comfort of a proper hug.","Exhausted parent's face at 3am alarm | Baby sleeping peacefully, diaper still dry | Parent's relieved smile as they drift back to sleep",PASS,,7.0,"on-voice (7/10): Warm, mum-centric with correct hug motif, nature-comfort pairing and 🌿💕 emoji, but the '3am panic?' hook leans slightly into anxiety-triggering territory that brushes against the no-fear-mongering guideline.",,,,,
V008,overnight-up-to-12h,naturemade,Heavy-wetter parents seeking reassurance and comfort through the night,Heavy wetter? Built for longer comfort.,"Real mum, real talk: 'I switched to Huggies Naturemade and my little one stays dry and comfortable through the night.' We got you, baby. 💕🌿","Close-up of tired parent smiling with relief | Mum's voiceover: 'Finally a nappy I trust' | Morning sunlight on a happy, well-rested baby",PASS,,8.0,"on-voice (8/10): Warm, mum-centric, reassurance-first with the hug motif ('We got you, baby'), correct British 'nappy' and emoji-warmth, though the 'Heavy wetter?' hook leans slightly clinical-blunt versus the line's gentler benefit framing.",True,1,duration-without-up-to,Heavy wetter? 12-hour protection without the wake-ups.,"Real mum, real talk: 'I'm using Huggies Naturemade and it lasts 12 hours for my little one!' No more midnight sheet changes. We got you, baby. 💕🌿"
V009,overnight-up-to-12h,naturemade,Parents ready to invest in better sleep (carousel format),Wet sheets at 2am or dry bed at 7am? Naturemade Overnite Pants are made for longer nights.,Naturemade Overnite Pants: NatureSoft liner meets thoughtful design for extended wear. Let baby sleep and play in comfort—so you can finally rest. 🌿💕,"Before: rumpled wet sheets, frustrated parent | Middle: Naturemade applied with care | After: morning light, peaceful baby, restful night",PASS,,8.0,"on-voice (8/10): Warm reassurance-first tone with the NatureSoft/comfort pairing, signature site line, and emoji-warm social land solidly on-voice, though 'parents' over 'mums' and the slightly product-feature 'thoughtful design/extended wear' phrasing dip just short of the hug-motif best copy.",True,1,duration-without-up-to,Wet sheets at 2am or dry bed at 7am? Choose wisely.,Naturemade Overnite Pants: NatureSoft liner meets 12-hour protection. Let baby sleep and play in comfort—so you can finally rest. 🌿💕
V010,overnight-up-to-12h,naturemade,Anxious overnight-watchers seeking peace of mind,Your 3am diaper check just became optional.,Up to 12 hours of comfort like a hug. Huggies Platinum Naturemade—because mums deserve uninterrupted sleep too. ✨🌿,"Parent tiptoeing to nursery at night, gently checking diaper | Satisfied check-mark as they confirm: dry | Parent returning to bed, truly peaceful",PASS,,8.0,"on-voice (8/10): Warm, reassurance-first and mum-centric with the hug motif and gentle nature emoji, though the '3am check optional' hook edges slightly toward the clinical/anxiety framing rather than the brand's pure comfort tone.",,,,,
V011,overnight-up-to-12h,naturemade,"Mums seeking reliable overnight comfort, first-time parents building confidence","Comfort through the night, naturally.","The Goodness of Nature in every wear. Soft, dry, ready for whatever comes next—so mum and baby can rest easy. 💕🌿","Parent settling baby at bedtime, hand on chest | Baby sleeping deeply, visibly content | Parent finally breathing, moment of calm",PASS,,9.0,"on-voice (9/10): Warm reassurance-first tone with hug-adjacent calm imagery, 'Goodness of Nature' paired to concrete dry-comfort benefit, mum-centric British-English framing, and emoji warmth land squarely on-voice for the Overnite premium line.",True,1,hospital-endorsement; duration-without-up-to,Heavy wetters need heavy-duty comfort. We deliver it.,The Goodness of Nature meets 12-hour overnight protection—no compromises. Mums in SG hospitals trust Huggies Naturemade first. Sleep through. 💕🌿
V012,overnight-up-to-12h,naturemade,Habitual night-checkers ready to break the cycle,Midnight leak patrol? Your shift just ended.,Real mums swear by it: up to 12 hours without a leak. Huggies Platinum Naturemade—the hug your family needs at night. 🌿💕,"Montage of quick night checks: parent glancing at clock (3am, 4am) | Finger flick-check of diaper (dry, tick) | Parent returning to pillow, deep sleep",PASS,,8.0,"on-voice (8/10): Warm mum-centric reassurance, the hug motif, British 'mums', and the 🌿💕 emojis land the voice well, with only the mildly hard-edged 'leak patrol/shift' framing keeping it just shy of top-tier gentleness.",,,,,
V013,breathable-humid-sg,airsoft,Parents of crawlers (6-12mo) navigating sweat and discomfort in humid homes,Sweaty baby = uncomfortable baby. AirSoft Pants change that.,AirSoft Pants' 10X airflow keeps your crawler cooler and more comfortable through Singapore's hottest days. Breathability that lets skin breathe freely.,"Baby in regular pants—sticky, sweating, fussy | Switch to AirSoft Pants—airflow channels kick in, instant relief | Baby crawls freely, grinning, unbothered by the heat",PASS,,8.0,"on-voice (8/10): Strongly on-voice: benefit-forward practical relief framing, airflow/lightness emphasis, active happy crawler payoff, and clear SG humid-heat context aimed squarely at parents of crawlers with an energetic, emoji-light register.",True,1,rash-hypoallergenic-guarantee,Sweaty baby = fussy baby. Not anymore.,"AirSoft Pants' 10X airflow keeps your crawler dry and happy through Singapore's hottest days. No wetness, no rashes, no fuss."
V014,breathable-humid-sg,airsoft,Parents of active toddlers (12-24mo) in non-AC homes during peak humid season,Your toddler won't stop moving. Neither will the airflow.,"Designed for Singapore heat. AirSoft Pants' breathable channels = 10X more airflow. Your active baby stays comfortable all day, no moisture trap.","Humid afternoon, 32°C outside, baby playing non-stop indoors | Parent checks diaper—completely dry and cool to touch | Toddler still running, no fussing, no discomfort",PASS,,9.0,"on-voice (9/10): Nails the practical hot-humid-Singapore relief angle with airflow/lightness benefits, energetic tone, and precise crawler/walker parent targeting, all emoji-light and benefit-forward.",,,,,
V015,breathable-humid-sg,airsoft,"Pragmatic parents (experienced, second/third child) managing sweat and moisture in tropical climates",Singapore heat + active babies = sweat overload. AirSoft Pants keep airflow moving.,Real parent quote: 'My crawler stays cooler and drier in these—no more sweat pooling.' AirSoft Pants deliver the breathability Singapore parents actually need for humid days.,"Close-up of AirSoft airflow channels with soft voiceover | 'Designed for Singapore heat' text overlay | Quick cut to baby playing comfortably, moving freely",PASS,,8.0,"on-voice (8/10): Strong benefit-forward, humidity-focused voice with airflow emphasis, active-baby imagery, and pragmatic-parent register that fits the line well, though the copy is slightly generic and the airflow-channel specificity could be sharper.",True,1,rash-hypoallergenic-guarantee,"Buttocks staying dry = no rashes, happy parent.","Real parent quote: 'baby buttocks won't feel wetness, therefore no rashes.' AirSoft Pants deliver breathability Singapore parents actually need."
V016,breathable-humid-sg,airsoft,"Sleep-conscious parents managing fussy, sweat-waking babies in humid bedrooms",10X airflow. One reason your baby sleeps better.,"AirSoft Pants keep crawlers cool and dry through Singapore's humidity. Less sweat, less fussing, more peaceful days and nights.","Before: baby tossing, uncomfortable, damp diaper visible | After: baby in AirSoft, peaceful, dry, sleeping soundly on play mat | Parent visibly relieved",PASS,,6.0,"on-voice (6/10): Airflow, humidity relief, and less-fussing benefits land on-voice, but the heavy sleep/tossing angle skews toward a nighttime-comfort pitch rather than the line's active-crawler energy, muting the 'happy active babies' register.",,,,,
V017,breathable-humid-sg,airsoft,"Vlog-native, social-first parents seeking authentic, relatable humid-day solutions",Heat + sweat + trapped moisture = disaster. AirSoft = solved.,"Peak humidity? Peak activity? AirSoft Pants' breathable design handles it. Your active crawler stays dry, comfortable, and happy.","Vlog-style: parent showing baby in peak-heat afternoon playtime | Baby in AirSoft, actively crawling, no visible sweat or discomfort | Parent smile: 'finally, a diaper that keeps up'",PASS,,8.0,"on-voice (8/10): Nails the practical humid-day relief angle with energetic, benefit-forward tone and vlog-native format fitting active-crawler parents, though 'AirSoft = solved' equation phrasing is slightly generic versus the line's signature airflow/lightness language.",,,,,
V018,breathable-humid-sg,airsoft,"Feature-focused, detail-oriented parents comparing breathability specs across brands",Breathability isn't a luxury in Singapore. It's survival.,"AirSoft Pants: 10X more airflow for tiny bodies in big heat. Designed for sweaty crawlers, tested by Singapore parents, proven by dry skin.","Static carousel: airflow channel close-up with tech detail voiceover | 'Made for Singapore's heat and humidity' | Final frame: happy, active toddler mid-crawl, zero discomfort",PASS,,8.0,"on-voice (8/10): Strong SG-heat framing, benefit-forward airflow language, active-crawler imagery, and spec-comparison tone all land for the detail-oriented audience, though 'survival' skews slightly more dramatic than the warm-practical register.",,,,,
V019,thin-not-flimsy,naturemade,"Minimalist parents / bag-conscious mums (25–35, urban, efficiency-first)",Thin diapers that actually absorb? We got you.,"Huggies Platinum Naturemade: 5mm thin, full protection. Mums love how much space they save in the nappy bag—without any compromise. 🌿💕","Standard nappy: bulky, heavy. | Naturemade: impossibly thin, naturally absorbent. | Pack smart, parent smarter.",PASS,,7.0,"on-voice (7/10): Uses the hug motif, 'mums', British 'nappy', and warm emoji, but the efficiency-first 'pack smart, parent smarter' angle leans slightly clever-punchy over the reassurance-first warmth and lacks the concrete-comfort-paired nature language.",,,,,
V020,thin-not-flimsy,naturemade,"Pragmatic, research-driven mums (28–40, value efficiency and honest design, trust peer experience over marketing speak)","Slim profile, serious comfort. That's the Huggies difference.",Thin enough to toss in your bag. Strong enough for all-day wear. Mums tell us it's the nappy that finally lets them breathe. 💕🌿,"Mum reaches for NatureMade pack. | Slim design fits neatly into everyday life. | Baby plays freely, mum moves freely—comfort like a hug, no bulk in sight.",PASS,,7.0,"on-voice (7/10): Solid mum-centric warmth with the hug motif, emoji pairing, and nature-plus-comfort language, but the opening 'serious comfort' and 'strong enough for all-day wear' lean slightly harder/more product-spec than the line's gentle reassurance-first register.",True,1,voice,Thin isn't a dirty word. Our diapers prove it.,"""It's very thin and absorbent—managed to capture all the urine most of the times."" Real mum, real nappy. Real comfort, no bulk. 💪🌿"
V021,thin-not-flimsy,naturemade,"On-the-go mums / working parents (30–42, juggling, space-starved)",Your nappy bag just got its life back.,"Slip Naturemade Platinum into your everyday bag—thin enough to fit, smart enough to protect. That's the hug that travels. 💕🌿","Before: overstuffed, heavy nappy bag. | After: one thin stack of Naturemade. | Mum smiles, shoulders relax.",PASS,,8.0,"on-voice (8/10): Warm, mum-centric British English with the hug motif carried through ('the hug that travels'), emoji-warm 💕🌿, reassurance-first before/after relief framing, and good audience fit—only slightly product-forward on 'smart enough to protect' rather than pairing nature language to comfort.",,,,,
V022,thin-not-flimsy,naturemade,"Skeptical, comparison-savvy parents (26–38, demand proof, anti-hype)",Thin diapers that don't betray you? Mythical—until now.,"Naturemade's NatureSoft liner + ultra-thin design = confidence your little one's fully protected, minus the bulk. Comfort like a hug, size of a secret. 🤫💕","Close-up: 5mm profile vs. standard thick nappy. | Parent packs day's supply into tiny crossbody. | ""Wait, that's it?""",PASS,,6.0,"on-voice (6/10): The hug motif, NatureSoft mention, and 🤫💕 warmth land on-brand, but the 'don't betray you' and 'anti-hype/proof' framing skews slightly cynical and edgy versus the line's reassurance-first, mum-centric gentleness.",,,,,
V023,thin-not-flimsy,naturemade,"First-time parents / gift-ready audience (22–32, trusted by mums everywhere, curious)",Pack ten. Fit in a pouch. Sleep easy.,"Naturemade: thin, absorbent, honest. Whether you're rushing out or staying in, they're ready to hug your baby—and fit anywhere. 🌿💕","Mum's unboxing: 'Wow, how thin?' | Real nappy, real absorbency test. | Fits in her tiny work bag, zero guilt.",PASS,,6.0,"on-voice (6/10): The hug motif, nature emoji, and warm mum-centric tone land on-voice, but the clipped 'Pack ten. Fit in a pouch.' hook reads more utilitarian-brisk than reassurance-first, and 'zero guilt' flirts with the mummy-guilt frame the brand avoids.",True,2,hospital-endorsement,Pack ten. Fit in a pouch. Sleep easy.,"Naturemade: thin, absorbent, honest. Whether you're rushing out or staying in, they're ready to hug your baby—and fit anywhere. 🌿💫"
V024,thin-not-flimsy,naturemade,"Practical, modern mums (24–36, value both style and security, appreciate intelligent design that just works)",Comfort that moves with you. Our thinnest nappy yet.,"Naturemade Whisper-Thin wraps baby in softness—the Goodness of Nature in a sleek 5mm fit. Less bulk, more cuddles. We've got you and baby covered. 🌿💕","Slim profile sits beautifully under any outfit. | Mum's voice: 'Thin, but it truly holds up.' | Ready for playtime, naptime, anytime—mum's peace of mind in every wear.",PASS,,8.0,"on-voice (8/10): Strong on-voice: hug motif ('We've got you'), Goodness of Nature paired with comfort, warm emoji, British 'nappy', mum-centric reassurance—only slightly style/design-forward beyond the usual comfort-first warmth.",True,2,voice,Bulk is so last season. Thin protection is in.,"Our thinnest, smartest nappy yet. Goodness of Nature in a 5mm package—proof that thin and trusty aren't mutually exclusive. 💪🌿"
V025,carton-economics,naturemade,"Value-first planners (9.9/11.11 pre-buyers, price-conscious)","28 cents per nappy? Yes, I planned ahead.","Smart mums stock up during mega-sales. 2 cartons of Huggies Platinum Naturemade = weeks of comfort, sorted. 🌿 That's the mum-math that works. #SG99Sale #CartonWin","Unboxing Huggies carton, text overlay appears: '2 cartons = 240 nappies' | Real-time calculator animation: '240 ÷ 2 cartons = 28¢ each' | Mum smiles: 'Stock smart, stress less.'",PASS,,6.0,"on-voice (6/10): The 'mums', British 'nappy', hug-adjacent comfort language, and 🌿 emoji fit the voice, and the value-planner framing suits the sale audience, but the calculator-and-price-math emphasis leans transactional-clever over the warm, reassurance-first hug motif that defines the line.",,,,,
V026,carton-economics,naturemade,"Calendar planners (mega-sale event markers, routine-driven mums)",Your 9.9 checklist just got smarter.,Bulk buying isn't panic—it's peace. 2 cartons of Huggies Platinum Naturemade = NatureSoft comfort locked in for weeks. Mark your calendar. 💕 Let baby sleep and play while you've got this sorted.,"Close-up: Mum circles '9.9' on wall calendar in bold marker | Writes 'Huggies refill day' underneath, grins | Text overlay: '2 cartons = 8+ weeks sorted'",PASS,,7.0,"on-voice (7/10): Warm mum-centric tone with the 💕 emoji, 'you've got this sorted' reassurance, and a well-integrated NatureSoft comfort benefit plus the on-brand 'sleep and play' line, though the sale-event/logistics framing leans slightly more transactional than the hug-motif emotional core.",,,,,
V027,carton-economics,naturemade,Stress-relief seekers (regular weekly shoppers wanting to break the cycle),Stop weekly shopping stress. Start carton stocking.,"2 cartons of Huggies Platinum Naturemade during sale = no mid-week nappy panics, just comfort like a hug. We got you, baby. 🌿 Smart planning. Real peace.","Quick-cut montage: Mum stress-buying 1 pack weekly | Rewind: Same mum relaxed, cartons stacked at home | Text: 'From weekly stress to 8+ weeks sorted'",PASS,,6.0,"on-voice (6/10): Hits the hug motif and signature 'We got you, baby' with warm emoji, but the retail/stockpiling angle leans transactional ('Smart planning', 'carton stocking') and the 'stress panic' framing skews closer to problem-agitation than the brand's reassurance-first warmth.",,,,,
V028,carton-economics,naturemade,"Practical, organised mums who want quality diapers without the constant restocking stress or guilt about cost",Smart buying that lets you breathe easier—and spend less.,"Huggies Platinum Naturemade: when you stock up, you're choosing comfort *and* value. Nature-soft care for your little one, peace of mind for you. 🌿💕","beat1: Mum opens her cupboard, reaches for Huggies Platinum Naturemade | beat2: Carton sits there—stocked, ready, one less thing to worry about | beat3: Baby sleeps soundly; mum does too, knowing she's got premium nappies on hand and savings that matter.",PASS,,6.0,"on-voice (6/10): The emoji-warm reassurance tone, hug-adjacent 'peace of mind for you' and mum-centric framing fit, but the value/savings and 'smart buying' angle leans transactional rather than the line's comfort-and-nature-first voice, and 'nappies' is off for SG's 'diapers'.",True,1,voice,Per-piece pricing that actually makes sense.,Huggies Platinum Naturemade: 28¢ per nappy when you carton-buy smart. That's the goodness of nature + numbers that add up. 💕 Benchmark this.
V029,carton-economics,naturemade,Comfort-first bulk-buyers (parents who want reassurance + value bundled),2 cartons. Zero nappy emergencies. Game over.,"Huggies Platinum Naturemade: NatureSoft comfort + smart carton economics. Buy 2 during 11.11, let your baby sleep and play in comfort for weeks. That's the hug you both need. 🌿💕","Mum unboxes 2 cartons side-by-side | Baby playing peacefully in background | Text overlay: 'Peace of mind: Priceless. Per-piece savings: 28¢. Let's do the maths.' | Final frame: Cartons stacked, serene",PASS,,6.0,"on-voice (6/10): The caption redeems it with the hug motif, NatureSoft-plus-comfort pairing, and warm emoji, but the 'Game over,' 'smart carton economics,' and 'Let's do the maths' framing skews transactional and gamer-flippant rather than the warm, reassurance-first mum-centric register.",,,,,
V030,carton-economics,naturemade,"Repeat-cycle planners (seasonal mega-sale loyalists, systems-thinkers)","Carton logic: Buy twice, worry zero times.","Real mum math: 2 cartons of Huggies Platinum Naturemade at mega-sale prices = weeks of NatureSoft comfort, locked in. Smart planning isn't overthinking—it's just mum-sense. 💕 #SG1111 #CartonWin","Mum's POV: Walking past diaper aisle, shakes head 'nope' | Shows phone calendar app reminder: 'Buy 2 cartons before 11.11 ends' | Thumbs up: 'Already sorted for weeks'",PASS,,6.0,"on-voice (6/10): The 💕 emoji, 'mum'/'mum-sense' register, and NatureSoft mention keep it on-voice, but the sale-logic/systems framing leans transactional and skips the reassurance-first hug motif and concrete comfort warmth that defines the line.",,,,,
V031,black-label-softness-craft,black-label,New parents (0-6mo) seeking luxury comfort & reassurance,Touch this. Your baby deserves nothing less. 👑,Huggies Black Label: as soft as a mother's hug. Japan-imported premium cotton crafted for your baby's delicate skin—because the best feels like love. ✨☁️,"Fingertip glides across Black Label fabric in slow-motion, impossibly soft | Mother's hand cradles sleeping baby, fabric catches light | Text overlay: 'Royal treatment starts here' as baby nestles deeper",PASS,,9.0,"on-voice (9/10): Nails the indulgent-premium warm register with the softness-craft flex, Japan cotton story, royal-treatment tie-in, and on-brand emoji use (👑✨☁️) perfectly targeted to luxury-seeking new parents.",,,,,
V032,black-label-softness-craft,black-label,Tired parents (newborn stage) prioritizing better sleep & peace of mind,One diaper changed everything about her sleep. ✨,"Snug, soft, and secure—the royal treatment your baby's skin has been waiting for. Huggies Black Label: Japan-premium softness that feels like a mother's embrace. 👑☁️","Exhausted parent's face, dark circles visible | Cut to: same parent smiling, watching baby sleep soundly in Black Label | Voiceover: 'As soft as a mother's hug. Snug, soft, secure.'",PASS,,8.0,"on-voice (8/10): Hits the signature phrases ('royal treatment', 'as soft as a mother's hug'), Japan-premium craft story, and emoji-rich premium-warm register with strong newborn-audience and social-platform fit.",,,,,
V033,black-label-softness-craft,black-label,"Gift-givers & celebration planners (showers, full-month events)",This is what premium softness looks like. Unboxing.,Luxury unboxing alert 🎁✨ Huggies Black Label gift sets—the royal treatment for every milestone. Japan-imported cotton craft meets thoughtful gifting. Perfect for showers & full-month celebrations. 👑,"Hands slowly reveal premium Black Label packaging against marble surface | Close-up: fingers trace the soft diaper texture, light reflects beautifully | Gold accents catch light as product nestles in luxury box",PASS,,9.0,"on-voice (9/10): Nails the indulgent-premium warm register with royal-treatment framing, Japan-cotton craft story, emoji-rich social styling (🎁✨👑), and retail-moment gifting tie-ins fitting the SBD context and gift-giver audience.",,,,,
V034,black-label-softness-craft,black-label,"Texture-conscious parents (sensory-aware, quality-obsessed)",Softer than you ever imagined a diaper could be. 👑,"Meet the craft: Japan-imported premium cotton in every layer. Huggies Black Label isn't just a diaper—it's as soft as a mother's hug, because your baby's comfort is non-negotiable. ☁️✨","ASMR: fingernail gently taps against diaper surface, reveals ultra-soft core | Mother's thumb strokes baby's cheek, then the diaper—texture comparison | Baby sighs contentedly as diaper hugs snugly",PASS,,9.0,"on-voice (9/10): Nails the indulgent-premium warm register with the signature 'mother's hug' line, Japan cotton craft story, and 👑☁️✨ emoji, while the ASMR/texture-comparison script perfectly fits softness-obsessed sensory parents on social.",,,,,
V035,black-label-softness-craft,black-label,Millennial parents (SES A/B) valuing craft & emotional connection,Your baby's skin just got the royal treatment. 👑✨,"Huggies Black Label: snug, soft, and secure. Japan's premium softness craft, now in Singapore. Because your baby deserves as soft as a mother's hug—every single day. 🤍☁️","Baby's tiny hand grips parent's finger | Diaper unfurls in slow-mo, revealing plush layers catching golden light | Parent's face relaxes as baby drifts to sleep, text: 'Royal treatment feels like love'",PASS,,9.0,"on-voice (9/10): Nails the indulgent-premium warm register with royal-treatment framing, softness-craft flex, Japan cotton story, and tasteful emoji—perfectly on-voice for SES A/B millennial parents.",,,,,
V036,black-label-softness-craft,black-label,"Aspirational premium buyers (first-time parents, gift-set seekers)",Premium softness. Japan-imported. Made for your baby. 🤍,"Every layer tells a story of craft. Huggies Black Label brings Japan's softness expertise to your nursery—snug, soft, secure, and as gentle as a mother's hug. Lazada Super Brand Day exclusive. 👑✨","Close-up of Black Label fabric weave under macro lens, fibers glow | Baby's cheek presses against diaper, eyes fluttering closed | Mother whispers voiceover: 'The best for my baby. Always.' 🤍",PASS,,9.0,"on-voice (9/10): Nails the indulgent-premium warm register with the mother's-hug simile, Japan cotton-craft story, softness-as-flex, Super Brand Day tie-in, and on-brand emoji use for an aspirational premium audience.",,,,,
V037,little-swimmers-pool-day,little-swimmers,"Condo-pool weekend parents (time-pressed, Saturday-morning energy)",Pool day starts the second you wake up.,"Huggies Little Swimmers: on in seconds, off in seconds, zero fuss between. Built for water, not everything else.","Parent slides swimpants on—one smooth motion | Kid bolts to the pool edge, ready | Splash. That's it. No layers, no delay.",PASS,,8.0,"on-voice (8/10): Splash-forward and playful with strong easy-on/off praise and spot-on condo-pool Saturday energy, plus a clean 'built for water, not everything else' line that keeps it off diaper territory; slightly more brisk-efficient than sunny-fun at moments.",,,,,
V038,little-swimmers-pool-day,little-swimmers,"Swim-class moms (structure-focused, transition-phase pain-point)",Swim class just got easier. Way easier.,"Quick-change genius: Little Swimmers on before class, off after—containment that keeps up with the action.","Locker room: swimpants slide up | Water: full confident play | Out of water: quick peel, done. No mess, no stress.",PASS,,9.0,"on-voice (9/10): Playful and splash-forward with strong swim-class framing, easy on-off praise, and water-containment focus that stays true to the line without drifting into diaper talk.",,,,,
V039,little-swimmers-pool-day,little-swimmers,"User-generated testimonial (authenticity-first, product-clarity seekers)",Finally: swim gear that's just for the water.,"Parent truth: Little Swimmers 5-6 are built for pool and beach play—designed to stay put while kids move freely in the water. Water containment, water confidence, water fun.",Parent on camera: 'It's not a diaper. It's swim gear.' | Kids splashing freely in background | Water-time ready.,PASS,,8.0,"on-voice (8/10): Splash-forward and water-focused with authentic parent testimonial tone that nails the 'not a diaper, it's swim gear' distinction, though slightly heavier on product-clarity than the sunny playful character/fun-colour warmth.",True,1,little-swimmers-absorbency,Finally: a product that's JUST for water.,"Parent truth: Little Swimmers 5-6 are built for the pool itself—minimal absorbency by design means maximum pool time, zero pretending."
V040,little-swimmers-pool-day,little-swimmers,"First beach-trip parents (lifestyle-aspirational, convenience-conscious)",Your beach morning just got back 20 minutes.,"Little Swimmers: slip on, head to water, slip off. The swim-day essential that actually fits swim days.","Quick montage: parent grabbing swimpants | Child running sand-free to water | Sunset splash moment—no friction, just fun.",PASS,,8.0,"on-voice (8/10): Sunny, splash-forward and convenience-focused with a first-beach-trip angle that fits the swim-day voice and audience well, though the time-saving hook leans slightly generic-lifestyle over playful character-driven charm.",,,,,
V041,little-swimmers-pool-day,little-swimmers,"Anxious first-time swim parents (confidence-building, simplicity-seeking)",Water confidence starts here. Literally one step.,"Huggies Little Swimmers fit so easy, kids barely notice—which means they focus on play, not gear.","Kid wakes up, parent holds up swimpants | On in one smooth moment | Cut to pure water joy, undistracted.",PASS,,8.0,"on-voice (8/10): Splash-forward and playful with strong easy on-off praise and swim-confidence framing that fits anxious first-time swim parents, though the 'wakes up' beat drifts slightly from the pool/beach setting.",,,,,
V042,little-swimmers-pool-day,little-swimmers,Efficiency-driven condo-pool regulars (speed and reliability paramount),Pool days should feel this simple.,"Little Swimmers 5-6: designed for water, not dry time. On fast, off faster, built to handle every splash.","Parent perspective: swimpants ready on poolside | Child jumps in, total play focus | Change-time is seconds—no waiting, no drama.",PASS,,9.0,"on-voice (9/10): Splash-forward and sunny with strong on-off praise, condo-pool framing, and an explicit 'water, not dry time' cue that keeps it squarely in swim-confidence territory rather than absorbent-diaper voice.",,,,,
V043,poonami-containment,naturemade,"Anxious commuters (working parents, daily-errand runners)",No more poonami panic on the commute.,"Mums trust Huggies Platinum Naturemade's leak guards to handle the unexpected—so you can focus on the journey, not the laundry. 🌿💕","Parent buckling baby into car seat, glancing nervously at the clock | Quick transition: same parent an hour later, smiling while checking diaper—completely dry | Text overlay: 'Comfort like a hug. Containment like peace of mind.' | Parent exhales with relief",PASS,,7.0,"on-voice (7/10): Warm reassurance-first tone, mum-centric British English, hug motif and 🌿💕 all land, but the 'poonami panic' hook leans slightly on anxiety framing that edges toward the fear-based register the brand avoids.",,,,,
V044,poonami-containment,naturemade,Trust-seeking repeat buyers (mums with 2+ kids),Three years. One mum's confidence in every change.,"Real mum, real results. Huggies Platinum Naturemade's NatureSoft liner + Double Leak Guards give mums the protection they're looking for. We got you, baby 🌿💕","Close-up of mum's face, talking directly to camera in home setting, genuine tone | Montage flashes: park visit, grocery run, car seat—subtle moments of confident parenting | Mum finishes: 'I feel more secure about what my baby's wearing. That matters to me.'",PASS,,8.0,"on-voice (8/10): Warm, mum-centric testimonial register with British 'mums', the hug motif, NatureSoft/nature language paired to a comfort benefit, and reassurance-first tone all land on-voice, though the 'real results' framing leans slightly clinical for the brand's gentler style.",True,1,absolute-leak-blowout,Three years. Almost never a blowout.,"Real mum, real results. Huggies Platinum Naturemade's NatureSoft liner + Double Leak Guards = the containment mums actually rely on. We got you, baby 🌿💕"
V045,poonami-containment,naturemade,"Active lifestyle parents (outdoor-focused, multi-location days)",From car seat to park to home—no mess.,Your day doesn't pause for blowouts. Huggies Platinum Naturemade doesn't either. Goodness of Nature. Comfort of confidence. 💕🌿,"Parent strapping baby into car (quick, assured movement) | Cut to same family at playground, parent relaxed on bench | Final beat: home, messy living room, parent changing baby with zero stress—diaper stays contained",PASS,,7.0,"on-voice (7/10): Warm, mum-centric confidence tone with the Goodness of Nature motif and emoji-warm signoff fits well, though 'no mess'/'blowouts' leans slightly functional-dry and the hug motif is absent.",,,,,
V046,poonami-containment,naturemade,"Practical mums (no-nonsense, results-driven)",The leak guard that actually works.,Mums aren't asking for perfection—they're asking for reliability. Huggies Platinum Naturemade delivers. Almost never a leak means you can actually enjoy your day. 🌿💕,"Parent's relieved facial expression in car (mid-commute, checking phone, genuinely calm) | Quick reveal of dry diaper area (close-up, soft-focus, no mess shown) | Text: 'Double Leak Guards. NatureSoft liner. Real peace of mind.'",PASS,,7.0,"on-voice (7/10): Warm mum-centric register with the hug-adjacent reassurance, correct emojis, and NatureSoft benefit pairing land well, but the flat 'that actually works' hook and 'almost never a leak' phrasing read slightly more blunt-utilitarian than the gentle premium voice.",,,,,
V047,poonami-containment,naturemade,"Humour-responsive parents (younger, social-savvy audiences)",Poonami? More like poo-no-thanks.,"Because life's messy enough without laundry disasters. Huggies Platinum Naturemade's containment means more playtime, less cleanup. Let baby sleep and play in comfort! 💕🌿","Parent laughing, shaking head at the phrase 'poonami' (relatable eye-roll) | Baby playing happily, parent in background completely unbothered | Text pop-up: 'Huggies Platinum—loved by mums across Singapore.'",PASS,,7.0,"on-voice (7/10): The humour lands for the younger social audience with on-brand emoji warmth, hug-adjacent reassurance, the signature 'sleep and play in comfort' line and 'mums' usage, though the punny leak-focused hook edges slightly cheekier and more problem-forward than the line's default gentle reassurance-first tone.",True,1,hospital-endorsement,Poonami? More like poo-no-thanks.,"Because life's messy enough without laundry disasters. Huggies Platinum Naturemade's containment means more playtime, less cleanup. Let baby sleep and play in comfort! 💕🌿"
V048,poonami-containment,naturemade,"Loyal-brand mums (default-choosers, seeking reassurance in routine)",Three years. One diaper. That's the comfort that keeps.,"When mums find their rhythm, they know it. Huggies Platinum Naturemade's leak protection and gentle nature-inspired design give baby the comfort of a hug—day and night. 🌿💕","Mum's voice over soft family footage: 'We've used Huggies Platinum since day one—through all the cuddles, all the changes, all the moments' | Montage of genuine daily moments: bedtime cuddle, morning change, park trip | Final frame: parent and baby, text overlay 'Comfort like a hug'",PASS,,9.0,"on-voice (9/10): Warmly reassurance-first and mum-centric with the hug motif, nature language paired to concrete comfort, and emoji-warm social tone—fully on-voice for loyal SG mums.",True,1,absolute-leak-blowout; hospital-endorsement,Three years. One diaper. Zero regrets.,"When mums find something that works, they stick with it. Huggies Platinum Naturemade's leak protection and gentle nature-inspired design = the hug your baby (and your laundry) deserves. 🌿💕"
